{"cameraMode":{"drawMode":0,"name":"Shaded","section":"Shading Mode"},"sceneLighting":false,"audioPlay":false,"sceneViewState":{"showFog":true,"showMaterialUpdate":true,"showSkybox":true,"showFlares":true,"showImageEffects":true,"showParticleSystems":true},"in2DMode":false,"pivot":{"x":-12.33022689819336,"y":25.924619674682618,"z":-3.6150155067443849},"rotation":{"x":-0.0198138989508152,"y":0.8033204078674316,"z":-0.02676789090037346,"w":-0.5946174263954163},"size":14.205090522766114,"orthographic":false}